{
  "blocks": [
    {
      "items": [
        {
          "count": 1,
          "id": "2043"
        },
        {
          "count": 1,
          "id": "3340"
        },
        {
          "count": 1,
          "id": "3302"
        },
        {
          "count": 1,
          "id": "2003"
        },
        {
          "count": 1,
          "id": "2004"
        }
      ],
      "recMath": false,
      "type": "Recommended Starting Items"
    },
    {
      "items": [
        {
          "count": 1,
          "id": "3117"
        },
        {
          "count": 1,
          "id": "3111"
        },
        {
          "count": 1,
          "id": "3047"
        }
      ],
      "recMath": false,
      "type": "Recommended Boots"
    },
    {
      "items": [],
      "recMath": false,
      "showIfSummonerSpell": "SummonerSmite",
      "type": "Recommended Jungle Items"
    },
    {
      "items": [
        {
          "count": 1,
          "id": "3401"
        },
        {
          "count": 1,
          "id": "3190"
        },
        {
          "count": 1,
          "id": "3110"
        },
        {
          "count": 1,
          "id": "3143"
        },
        {
          "count": 1,
          "id": "3050"
        },
        {
          "count": 1,
          "id": "3800"
        },
        {
          "count": 1,
          "id": "2045"
        }
      ],
      "recMath": false,
      "type": "Recommended Endgame Items"
    },
    {
      "items": [
        {
          "count": 1,
          "id": "2138"
        }
      ],
      "recMath": false,
      "type": "Recommended Elixirs"
    }
  ],
  "map": "any",
  "mode": "any",
  "priority": true,
  "title": "Braum",
  "type": "custom"
}
