{
  "blocks": [
    {
      "items": [
        {
          "count": 1,
          "id": "3340"
        },
        {
          "count": 1,
          "id": "1056"
        },
        {
          "count": 1,
          "id": "2003"
        },
        {
          "count": 1,
          "id": "2004"
        },
        {
          "count": 1,
          "id": "2041"
        }
      ],
      "recMath": false,
      "type": "Recommended Starting Items"
    },
    {
      "items": [
        {
          "count": 1,
          "id": "3111"
        },
        {
          "count": 1,
          "id": "3020"
        },
        {
          "count": 1,
          "id": "3158"
        }
      ],
      "recMath": false,
      "type": "Recommended Boots"
    },
    {
      "items": [
        {
          "count": 1,
          "id": "3706"
        }
      ],
      "recMath": false,
      "showIfSummonerSpell": "SummonerSmite",
      "type": "Recommended Jungle Items"
    },
    {
      "items": [
        {
          "count": 1,
          "id": "3027"
        },
        {
          "count": 1,
          "id": "3110"
        },
        {
          "count": 1,
          "id": "3089"
        },
        {
          "count": 1,
          "id": "3001"
        },
        {
          "count": 1,
          "id": "3116"
        },
        {
          "count": 1,
          "id": "3285"
        },
        {
          "count": 1,
          "id": "3065"
        }
      ],
      "recMath": false,
      "type": "Recommended Endgame Items"
    },
    {
      "items": [
        {
          "count": 1,
          "id": "2138"
        },
        {
          "count": 1,
          "id": "2137"
        }
      ],
      "recMath": false,
      "type": "Recommended Elixirs"
    }
  ],
  "map": "any",
  "mode": "any",
  "priority": true,
  "title": "Cho'Gath",
  "type": "custom"
}
