{
  "blocks": [
    {
      "items": [
        {
          "count": 1,
          "id": "3340"
        },
        {
          "count": 1,
          "id": "1036"
        },
        {
          "count": 1,
          "id": "2041"
        },
        {
          "count": 1,
          "id": "1055"
        },
        {
          "count": 1,
          "id": "2003"
        }
      ],
      "recMath": false,
      "type": "Recommended Starting Items"
    },
    {
      "items": [
        {
          "count": 1,
          "id": "3111"
        },
        {
          "count": 1,
          "id": "3047"
        },
        {
          "count": 1,
          "id": "3009"
        }
      ],
      "recMath": false,
      "type": "Recommended Boots"
    },
    {
      "items": [],
      "recMath": false,
      "showIfSummonerSpell": "SummonerSmite",
      "type": "Recommended Jungle Items"
    },
    {
      "items": [
        {
          "count": 1,
          "id": "3071"
        },
        {
          "count": 1,
          "id": "3742"
        },
        {
          "count": 1,
          "id": "3748"
        },
        {
          "count": 1,
          "id": "3053"
        },
        {
          "count": 1,
          "id": "3065"
        },
        {
          "count": 1,
          "id": "3083"
        },
        {
          "count": 1,
          "id": "3143"
        }
      ],
      "recMath": false,
      "type": "Recommended Endgame Items"
    },
    {
      "items": [
        {
          "count": 1,
          "id": "2140"
        },
        {
          "count": 1,
          "id": "2138"
        }
      ],
      "recMath": false,
      "type": "Recommended Elixirs"
    }
  ],
  "map": "any",
  "mode": "any",
  "priority": true,
  "title": "Darius",
  "type": "custom"
}
