{
  "blocks": [
    {
      "items": [
        {
          "count": 1,
          "id": "3340"
        },
        {
          "count": 1,
          "id": "2003"
        },
        {
          "count": 1,
          "id": "2043"
        },
        {
          "count": 1,
          "id": "1036"
        },
        {
          "count": 1,
          "id": "2044"
        }
      ],
      "recMath": false,
      "type": "Recommended Starting Items"
    },
    {
      "items": [
        {
          "count": 1,
          "id": "3117"
        },
        {
          "count": 1,
          "id": "3111"
        },
        {
          "count": 1,
          "id": "3020"
        }
      ],
      "recMath": false,
      "type": "Recommended Boots"
    },
    {
      "items": [],
      "recMath": false,
      "showIfSummonerSpell": "SummonerSmite",
      "type": "Recommended Jungle Items"
    },
    {
      "items": [
        {
          "count": 1,
          "id": "3116"
        },
        {
          "count": 1,
          "id": "3143"
        },
        {
          "count": 1,
          "id": "3001"
        },
        {
          "count": 1,
          "id": "3285"
        },
        {
          "count": 1,
          "id": "3151"
        },
        {
          "count": 1,
          "id": "3102"
        },
        {
          "count": 1,
          "id": "3110"
        }
      ],
      "recMath": false,
      "type": "Recommended Endgame Items"
    },
    {
      "items": [
        {
          "count": 1,
          "id": "2139"
        }
      ],
      "recMath": false,
      "type": "Recommended Elixirs"
    }
  ],
  "map": "any",
  "mode": "any",
  "priority": true,
  "title": "Evelynn",
  "type": "custom"
}
