{
  "blocks": [
    {
      "items": [
        {
          "count": 1,
          "id": "3340"
        },
        {
          "count": 1,
          "id": "1055"
        },
        {
          "count": 1,
          "id": "1036"
        },
        {
          "count": 1,
          "id": "2003"
        },
        {
          "count": 1,
          "id": "2004"
        }
      ],
      "recMath": false,
      "type": "Recommended Starting Items"
    },
    {
      "items": [
        {
          "count": 1,
          "id": "3006"
        },
        {
          "count": 1,
          "id": "3111"
        },
        {
          "count": 1,
          "id": "3117"
        }
      ],
      "recMath": false,
      "type": "Recommended Boots"
    },
    {
      "items": [],
      "recMath": false,
      "showIfSummonerSpell": "SummonerSmite",
      "type": "Recommended Jungle Items"
    },
    {
      "items": [
        {
          "count": 1,
          "id": "3085"
        },
        {
          "count": 1,
          "id": "3072"
        },
        {
          "count": 1,
          "id": "3153"
        },
        {
          "count": 1,
          "id": "3035"
        },
        {
          "count": 1,
          "id": "3031"
        },
        {
          "count": 1,
          "id": "3087"
        },
        {
          "count": 1,
          "id": "3141"
        }
      ],
      "recMath": false,
      "type": "Recommended Endgame Items"
    },
    {
      "items": [
        {
          "count": 1,
          "id": "2140"
        }
      ],
      "recMath": false,
      "type": "Recommended Elixirs"
    }
  ],
  "map": "any",
  "mode": "any",
  "priority": true,
  "title": "Kalista",
  "type": "custom"
}
