{
  "blocks": [
    {
      "items": [
        {
          "count": 1,
          "id": "3340"
        },
        {
          "count": 1,
          "id": "1056"
        },
        {
          "count": 1,
          "id": "2003"
        },
        {
          "count": 1,
          "id": "2004"
        },
        {
          "count": 1,
          "id": "1036"
        }
      ],
      "recMath": false,
      "type": "Recommended Starting Items"
    },
    {
      "items": [
        {
          "count": 1,
          "id": "3006"
        },
        {
          "count": 1,
          "id": "3020"
        },
        {
          "count": 1,
          "id": "3158"
        }
      ],
      "recMath": false,
      "type": "Recommended Boots"
    },
    {
      "items": [
        {
          "count": 1,
          "id": "3713"
        },
        {
          "count": 1,
          "id": "3715"
        }
      ],
      "recMath": false,
      "showIfSummonerSpell": "SummonerSmite",
      "type": "Recommended Jungle Items"
    },
    {
      "items": [
        {
          "count": 1,
          "id": "3115"
        },
        {
          "count": 1,
          "id": "3085"
        },
        {
          "count": 1,
          "id": "3089"
        },
        {
          "count": 1,
          "id": "3116"
        },
        {
          "count": 1,
          "id": "3091"
        },
        {
          "count": 1,
          "id": "3100"
        },
        {
          "count": 1,
          "id": "3135"
        }
      ],
      "recMath": false,
      "type": "Recommended Endgame Items"
    },
    {
      "items": [
        {
          "count": 1,
          "id": "2139"
        }
      ],
      "recMath": false,
      "type": "Recommended Elixirs"
    }
  ],
  "map": "any",
  "mode": "any",
  "priority": true,
  "title": "Kayle",
  "type": "custom"
}
