{
  "blocks": [
    {
      "items": [
        {
          "count": 1,
          "id": "3340"
        },
        {
          "count": 1,
          "id": "1055"
        },
        {
          "count": 1,
          "id": "1056"
        },
        {
          "count": 1,
          "id": "1036"
        },
        {
          "count": 1,
          "id": "2003"
        }
      ],
      "recMath": false,
      "type": "Recommended Starting Items"
    },
    {
      "items": [
        {
          "count": 1,
          "id": "3006"
        },
        {
          "count": 1,
          "id": "3020"
        },
        {
          "count": 1,
          "id": "3158"
        }
      ],
      "recMath": false,
      "type": "Recommended Boots"
    },
    {
      "items": [],
      "recMath": false,
      "showIfSummonerSpell": "SummonerSmite",
      "type": "Recommended Jungle Items"
    },
    {
      "items": [
        {
          "count": 1,
          "id": "3078"
        },
        {
          "count": 1,
          "id": "3153"
        },
        {
          "count": 1,
          "id": "3285"
        },
        {
          "count": 1,
          "id": "3040"
        },
        {
          "count": 1,
          "id": "3031"
        },
        {
          "count": 1,
          "id": "3116"
        },
        {
          "count": 1,
          "id": "3035"
        }
      ],
      "recMath": false,
      "type": "Recommended Endgame Items"
    },
    {
      "items": [
        {
          "count": 1,
          "id": "2139"
        }
      ],
      "recMath": false,
      "type": "Recommended Elixirs"
    }
  ],
  "map": "any",
  "mode": "any",
  "priority": true,
  "title": "Kog'Maw",
  "type": "custom"
}
