{
  "blocks": [
    {
      "items": [
        {
          "count": 1,
          "id": "3340"
        },
        {
          "count": 1,
          "id": "1036"
        },
        {
          "count": 1,
          "id": "1055"
        },
        {
          "count": 1,
          "id": "2003"
        },
        {
          "count": 1,
          "id": "2043"
        }
      ],
      "recMath": false,
      "type": "Recommended Starting Items"
    },
    {
      "items": [
        {
          "count": 1,
          "id": "3158"
        },
        {
          "count": 1,
          "id": "3111"
        },
        {
          "count": 1,
          "id": "3047"
        }
      ],
      "recMath": false,
      "type": "Recommended Boots"
    },
    {
      "items": [
        {
          "count": 1,
          "id": "3706"
        },
        {
          "count": 1,
          "id": "3715"
        }
      ],
      "recMath": false,
      "showIfSummonerSpell": "SummonerSmite",
      "type": "Recommended Jungle Items"
    },
    {
      "items": [
        {
          "count": 1,
          "id": "3074"
        },
        {
          "count": 1,
          "id": "3035"
        },
        {
          "count": 1,
          "id": "3071"
        },
        {
          "count": 1,
          "id": "3072"
        },
        {
          "count": 1,
          "id": "3142"
        },
        {
          "count": 1,
          "id": "3141"
        },
        {
          "count": 1,
          "id": "3156"
        }
      ],
      "recMath": false,
      "type": "Recommended Endgame Items"
    },
    {
      "items": [
        {
          "count": 1,
          "id": "2140"
        },
        {
          "count": 1,
          "id": "2138"
        }
      ],
      "recMath": false,
      "type": "Recommended Elixirs"
    }
  ],
  "map": "any",
  "mode": "any",
  "priority": true,
  "title": "Riven",
  "type": "custom"
}
