{
  "blocks": [
    {
      "items": [
        {
          "count": 1,
          "id": "3340"
        },
        {
          "count": 1,
          "id": "1056"
        },
        {
          "count": 1,
          "id": "1036"
        },
        {
          "count": 1,
          "id": "2003"
        },
        {
          "count": 1,
          "id": "2043"
        }
      ],
      "recMath": false,
      "type": "Recommended Starting Items"
    },
    {
      "items": [
        {
          "count": 1,
          "id": "3117"
        },
        {
          "count": 1,
          "id": "3006"
        },
        {
          "count": 1,
          "id": "3020"
        }
      ],
      "recMath": false,
      "type": "Recommended Boots"
    },
    {
      "items": [
        {
          "count": 1,
          "id": "3713"
        },
        {
          "count": 1,
          "id": "3706"
        },
        {
          "count": 1,
          "id": "3715"
        }
      ],
      "recMath": false,
      "showIfSummonerSpell": "SummonerSmite",
      "type": "Recommended Jungle Items"
    },
    {
      "items": [
        {
          "count": 1,
          "id": "3074"
        },
        {
          "count": 1,
          "id": "3087"
        },
        {
          "count": 1,
          "id": "3031"
        },
        {
          "count": 1,
          "id": "3285"
        },
        {
          "count": 1,
          "id": "3089"
        },
        {
          "count": 1,
          "id": "3078"
        },
        {
          "count": 1,
          "id": "3165"
        }
      ],
      "recMath": false,
      "type": "Recommended Endgame Items"
    },
    {
      "items": [
        {
          "count": 1,
          "id": "2137"
        },
        {
          "count": 1,
          "id": "2138"
        }
      ],
      "recMath": false,
      "type": "Recommended Elixirs"
    }
  ],
  "map": "any",
  "mode": "any",
  "priority": true,
  "title": "Shaco",
  "type": "custom"
}
