{
  "blocks": [
    {
      "items": [
        {
          "count": 1,
          "id": "3340"
        },
        {
          "count": 1,
          "id": "1056"
        },
        {
          "count": 1,
          "id": "2041"
        },
        {
          "count": 1,
          "id": "2003"
        },
        {
          "count": 1,
          "id": "2004"
        }
      ],
      "recMath": false,
      "type": "Recommended Starting Items"
    },
    {
      "items": [
        {
          "count": 1,
          "id": "3111"
        },
        {
          "count": 1,
          "id": "3009"
        },
        {
          "count": 1,
          "id": "3047"
        }
      ],
      "recMath": false,
      "type": "Recommended Boots"
    },
    {
      "items": [],
      "recMath": false,
      "showIfSummonerSpell": "SummonerSmite",
      "type": "Recommended Jungle Items"
    },
    {
      "items": [
        {
          "count": 1,
          "id": "3116"
        },
        {
          "count": 1,
          "id": "3027"
        },
        {
          "count": 1,
          "id": "3151"
        },
        {
          "count": 1,
          "id": "3040"
        },
        {
          "count": 1,
          "id": "3742"
        },
        {
          "count": 1,
          "id": "3075"
        },
        {
          "count": 1,
          "id": "3110"
        }
      ],
      "recMath": false,
      "type": "Recommended Endgame Items"
    },
    {
      "items": [],
      "recMath": false,
      "type": "Recommended Elixirs"
    }
  ],
  "map": "any",
  "mode": "any",
  "priority": true,
  "title": "Singed",
  "type": "custom"
}
