{
  "blocks": [
    {
      "items": [
        {
          "count": 1,
          "id": "3340"
        },
        {
          "count": 1,
          "id": "1056"
        },
        {
          "count": 1,
          "id": "2004"
        },
        {
          "count": 1,
          "id": "2003"
        },
        {
          "count": 1,
          "id": "2044"
        }
      ],
      "recMath": false,
      "type": "Recommended Starting Items"
    },
    {
      "items": [
        {
          "count": 1,
          "id": "3020"
        },
        {
          "count": 1,
          "id": "3158"
        },
        {
          "count": 1,
          "id": "3006"
        }
      ],
      "recMath": false,
      "type": "Recommended Boots"
    },
    {
      "items": [],
      "recMath": false,
      "showIfSummonerSpell": "SummonerSmite",
      "type": "Recommended Jungle Items"
    },
    {
      "items": [
        {
          "count": 1,
          "id": "3089"
        },
        {
          "count": 1,
          "id": "3174"
        },
        {
          "count": 1,
          "id": "3285"
        },
        {
          "count": 1,
          "id": "3165"
        },
        {
          "count": 1,
          "id": "3135"
        },
        {
          "count": 1,
          "id": "3157"
        },
        {
          "count": 1,
          "id": "3116"
        }
      ],
      "recMath": false,
      "type": "Recommended Endgame Items"
    },
    {
      "items": [],
      "recMath": false,
      "type": "Recommended Elixirs"
    }
  ],
  "map": "any",
  "mode": "any",
  "priority": true,
  "title": "Syndra",
  "type": "custom"
}
