{
  "blocks": [
    {
      "items": [
        {
          "count": 1,
          "id": "3340"
        },
        {
          "count": 1,
          "id": "2003"
        },
        {
          "count": 1,
          "id": "2043"
        },
        {
          "count": 1,
          "id": "2004"
        },
        {
          "count": 1,
          "id": "1056"
        }
      ],
      "recMath": false,
      "type": "Recommended Starting Items"
    },
    {
      "items": [
        {
          "count": 1,
          "id": "3111"
        },
        {
          "count": 1,
          "id": "3009"
        },
        {
          "count": 1,
          "id": "3117"
        }
      ],
      "recMath": false,
      "type": "Recommended Boots"
    },
    {
      "items": [
        {
          "count": 1,
          "id": "3706"
        }
      ],
      "recMath": false,
      "showIfSummonerSpell": "SummonerSmite",
      "type": "Recommended Jungle Items"
    },
    {
      "items": [
        {
          "count": 1,
          "id": "3065"
        },
        {
          "count": 1,
          "id": "3742"
        },
        {
          "count": 1,
          "id": "3068"
        },
        {
          "count": 1,
          "id": "3401"
        },
        {
          "count": 1,
          "id": "3083"
        },
        {
          "count": 1,
          "id": "3143"
        },
        {
          "count": 1,
          "id": "3190"
        }
      ],
      "recMath": false,
      "type": "Recommended Endgame Items"
    },
    {
      "items": [],
      "recMath": false,
      "type": "Recommended Elixirs"
    }
  ],
  "map": "any",
  "mode": "any",
  "priority": true,
  "title": "Tahm Kench",
  "type": "custom"
}
