{
  "blocks": [
    {
      "items": [
        {
          "count": 1,
          "id": "3340"
        },
        {
          "count": 1,
          "id": "1036"
        },
        {
          "count": 1,
          "id": "2003"
        },
        {
          "count": 1,
          "id": "2041"
        },
        {
          "count": 1,
          "id": "1055"
        }
      ],
      "recMath": false,
      "type": "Recommended Starting Items"
    },
    {
      "items": [
        {
          "count": 1,
          "id": "3111"
        },
        {
          "count": 1,
          "id": "3047"
        },
        {
          "count": 1,
          "id": "3117"
        }
      ],
      "recMath": false,
      "type": "Recommended Boots"
    },
    {
      "items": [
        {
          "count": 1,
          "id": "3713"
        },
        {
          "count": 1,
          "id": "3706"
        }
      ],
      "recMath": false,
      "showIfSummonerSpell": "SummonerSmite",
      "type": "Recommended Jungle Items"
    },
    {
      "items": [
        {
          "count": 1,
          "id": "3071"
        },
        {
          "count": 1,
          "id": "3074"
        },
        {
          "count": 1,
          "id": "3035"
        },
        {
          "count": 1,
          "id": "3078"
        },
        {
          "count": 1,
          "id": "3143"
        },
        {
          "count": 1,
          "id": "3068"
        },
        {
          "count": 1,
          "id": "3142"
        }
      ],
      "recMath": false,
      "type": "Recommended Endgame Items"
    },
    {
      "items": [
        {
          "count": 1,
          "id": "2137"
        }
      ],
      "recMath": false,
      "type": "Recommended Elixirs"
    }
  ],
  "map": "any",
  "mode": "any",
  "priority": true,
  "title": "Wukong",
  "type": "custom"
}
